{
  "dataset": "single_mnist_iso",
  "set_model": "pointnet",
  "input_mode": "points",
  "n_entities_total": 60000,
  "load_gpkg_seconds": 3.608197443012614,
  "featurize_seconds": 6.137055016006343,
  "featurize_per_entity_us": 102.28425026677239,
  "avg_tokens_per_entity": 235.75915,
  "input_feature_dim": 2,
  "params": 1273550,
  "forward_seconds": 0.044770834036171436,
  "forward_n_entities": 1024,
  "forward_per_entity_us": 43.72151761344867,
  "peak_gpu_mb": 437.5390625,
  "device": "cuda"
}