{
  "dataset": "single_mnist_iso",
  "set_model": "deepset",
  "input_mode": "arc",
  "n_entities_total": 60000,
  "load_gpkg_seconds": 2.2165842670365237,
  "featurize_seconds": 20.90058289002627,
  "featurize_per_entity_us": 348.34304816710454,
  "avg_tokens_per_entity": 235.75915,
  "input_feature_dim": 89,
  "params": 64906,
  "forward_seconds": 0.09241129603469744,
  "forward_n_entities": 1024,
  "forward_per_entity_us": 90.24540628388422,
  "peak_gpu_mb": 54.2333984375,
  "device": "cuda"
}